Title,Price,Rating,Image,Type
"Dell G Series, 13th Gen Intel Core i5-13450HX, NVIDIA RTX 3050-6GB, 16GB DDR5, 512GB SSD, FHD, 15.6""/39.62cm, Windows 11, Microsoft Office Home 2024, 2.65KG, G15-5530, Backlit Keyboard, Gaming Laptop","78,990",4.0 out of 5 stars,https://m.media-amazon.com/images/I/71FJAKQJ0JL._AC_UY218_.jpg,Ad
"Dell 15, 13th Gen Intel Core i5-1334U (16GB DDR4, 512GB SSD) Anti-Glare FHD 15.6""/39.62cm, Windows 11, Microsoft Office Home 2024, Grey, 1.66kg, [Vostro 3530], 12 Month McAfee, Thin & Light Laptop","66,990",3.8 out of 5 stars,https://m.media-amazon.com/images/I/712WiT-wexL._AC_UY218_.jpg,Ad
"HP 15, 13th Gen Intel Core i3-1315U Laptop (8GB DDR4,512GB SSD) Anti-Glare, Micro-Edge,15.6''/39.6cm, FHD, Win11,M365 Basic(1yr),Office Home24, Silver,1.59kg, FHD Camera w/Privacy Shutter, fd0569TU","47,600",4.2 out of 5 stars,https://m.media-amazon.com/images/I/61R5Ecv7i-L._AC_UY218_.jpg,Organic
"Dell 15 (Previously Inspiron) Laptop, 14th Gen Intel Core 3 100U Processor, 8GB DDR4, 512 SSD, 15.6"" NT FHD 120Hz IPS AG 250 nit Display, Win 11 + Office H&S 2024, Carbon Black, Thin & Light- 1.63Kg","49,990",4.1 out of 5 stars,https://m.media-amazon.com/images/I/717WZ7WriwL._AC_UY218_.jpg,Organic
"Acer Aspire One, Intel Core Celeron N4500, Office 2024 + M365 Basic, 12GB LPDDR4X RAM/ 256GB SSD, 14.0""/35.56cm TN HD Display, Win 11 Home, Pure Silver, 1.3KG, A114-45, Thin and Light Laptop","35,990",N/A,https://m.media-amazon.com/images/I/71I0Oo7W2-L._AC_UY218_.jpg,Organic
"HP 15, 13th Gen Intel Core i3-1315U (12GB DDR4, 512GB SSD) FHD, Anti-Glare, Micro-Edge, 15.6''/39.6cm, Win11, M365 Basic(1yr)* Office24, Silver, 1.59kg, fd0573TU, FHD Camera w/Shutter Laptop","52,690",4.1 out of 5 stars,https://m.media-amazon.com/images/I/71FXHAM+jWL._AC_UY218_.jpg,Organic
"HP 15 (2026), AMD Athlon Dual Core 7120U - (8 GB DDR5/512 GB SSD/AMD Radeon 610M Graphics/DOS) Thin and Light Business Laptop/15.6"" HD Display/Turbo Silver/Copilot Key/1.5kg","39,800",5.0 out of 5 stars,https://m.media-amazon.com/images/I/718-7YE0WQL._AC_UY218_.jpg,Organic
"Lenovo V15 G4 AMD Athlon Silver 7120U Laptop 8GB LPDDR5 Ram, 512 GB SSD PCIe, Windows 11 Lifetime Validity,15.6"" FHD Screen, AMD Radeon 610M, Silver, 1 Year Brand Warranty","40,999",3.9 out of 5 stars,https://m.media-amazon.com/images/I/61AccNkmFFL._AC_UY218_.jpg,Organic
"Acer Aspire Lite, AMD Ryzen 3-7330U, Office 2024 + M365 Basic,8GB RAM, 512GB SSD, Full HD IPS, 15.6""/39.62 cm, Windows 11 Home, Steel Gray, 1.59 KG, AL15-41, Metal Body, Premium Thin and Light Laptop","44,999",N/A,https://m.media-amazon.com/images/I/71JEGsayyGL._AC_UY218_.jpg,Organic
"ASUS Vivobook 15, Smartchoice,Intel Core i5 13th Gen 13420H,16GB RAM, 512GB SSD, FHD 15.6"",Windows 11, Office Home 2024, Quiet Blue, 1.70 kg, X1502VA-BQ836WS,Intel UHD iGPU, M365 Basic (1Year)* Laptop","61,990",4.2 out of 5 stars,https://m.media-amazon.com/images/I/818iNyzckGL._AC_UY218_.jpg,Organic
"HP 15, Intel Core Ultra 5 125H (16GB DDR5, 1TB SSD) FHD, IPS, 15.6''/39.6cm, Win11, M365 Basic(1yr)*Office24, Silver, 1.65kg, fd1354TU, Intel Arc Graphics, FHD Camera w/Shutter, AI Powered Laptop","79,990",3.7 out of 5 stars,https://m.media-amazon.com/images/I/71dyfY6G0aL._AC_UY218_.jpg,Ad
"Dell 15 Laptop, 14th Gen Intel Core 3 100U Processor, 16GB DDR4, 512 SSD, Intel UHD Graphics, 15.6"" NT FHD 120Hz IPS AG 250 nit Display, Win 11 + Office H&S 2024, Carbon Black, Thin & Light- 1.63Kg","59,990",N/A,https://m.media-amazon.com/images/I/71ZBa5+qu4L._AC_UY218_.jpg,Ad
"HP Victus, AMD Ryzen 7 7445HS, 6GB RTX 4050, 16GB DDR5(Upgradeable) 512GB SSD, 144Hz, IPS, 300nits, FHD, 15.6''/39.6cm, Win11, M365* Office24, Blue, 2.29kg, fb3130AX, Backlit, DTS Audio, Gaming Laptop","87,490",4.1 out of 5 stars,https://m.media-amazon.com/images/I/71r2ySSfgBL._AC_UY218_.jpg,Organic
𝗟𝗲𝗻𝗼𝘃𝗼Model T14s InteI Core i7 10th Gen | 16GB RAM | 512GB SSD | 14″ FHD Non-Touch | Win 10 | A+ Condition Laptop (Refab),"29,995",N/A,https://m.media-amazon.com/images/I/41agdqYcNHL._AC_UY218_.jpg,Organic
"HP 15 Laptop, AMD Ryzen 5 7520U (16GB DDR5,512GB SSD) Win11,M365 Basic(1yr)*Office Home24, Anti-Glare,15.6''/39.6cm,FHD,Backlit KB,FHD Camera w/Privacy Shutter,Radeon Graphics, Silver,1.59kg FC0690AU","55,690",4.2 out of 5 stars,https://m.media-amazon.com/images/I/71-8y5gh4bL._AC_UY218_.jpg,Organic
"HP 15, AMD Ryzen 7 7730U (16GB DDR4, 512GB SSD) FHD, Anti-Glare, Micro-Edge, 15.6''/39.6cm, Win11, M365 Basic(1yr), Office Home24, Silver,1.59kg, FC0761AU, FHD Camera w/privacy shutter, Backlit Laptop","61,990",N/A,https://m.media-amazon.com/images/I/71tOA+fvkDL._AC_UY218_.jpg,Organic
"Apple 2026 MacBook Air 13″ Laptop with M5 chip: AI and Apple Intelligence, 34.46 cm (13.6″) Liquid Retina Display, 16GB Unified Memory, 512GB SSD Storage, 12MP Center Stage Camera, Touch ID; Sky Blue","1,11,490",4.6 out of 5 stars,https://m.media-amazon.com/images/I/71kKQjKzW1L._AC_UY218_.jpg,Organic
"acer Nitro V 15, AMD Ryzen 5 6600H Hexa-core Processor,NVIDIA GeForce RTX 4050-6GB GDDR6,16 GB, 512 GB, Full HD IPS, 15.6""/39.62 cm, 165 Hz, Win 11 Home,Obsidian Black, 2.1 kg, ANV15-41,Gaming Laptop","75,990",4.3 out of 5 stars,https://m.media-amazon.com/images/I/71l3rBy8IPL._AC_UY218_.jpg,Organic
"acer Professional 14, AMD Ryzen 3-7330U, 8 GB RAM, 512 GB SSD, Full HD 14"", Windows 11 Pro, MSO21, Pro Silver, 1.39 KG, Professional Premium Laptop, Travel Lite","41,990",3.9 out of 5 stars,https://m.media-amazon.com/images/I/51xKQHXurwL._AC_UY218_.jpg,Organic
"𝗗𝗲𝗹𝗹Model 5320 Laptop | Core i7 11th Gen | 16GB RAM | 512GB SSD | 13.3"" HD Display | Win 10 Pro | (Pre-Owned & Tested)",N/A,N/A,https://m.media-amazon.com/images/I/51vIhMJreOL._AC_UY218_.jpg,Organic
"ASUS Vivobook 15, Smartchoice,Intel Core i5 13th Gen 13420H,16GB RAM, 512GB SSD, FHD 15.6"",Windows 11, Office Home 2024, Quiet Blue, 1.70 kg, X1502VA-BQ836WS,Intel UHD iGPU, M365 Basic (1Year)* Laptop","61,990",4.2 out of 5 stars,https://m.media-amazon.com/images/I/818iNyzckGL._AC_UY218_.jpg,Ad
"Lenovo IdeaPad Slim 3 13th Gen Core i7-13620H 15.3"" (38.8cm) WUXGA IPS Laptop (16GB RAM/1TB SSD/Win 11/Office 2024/Backlit/1Yr ADP Free/Top Metal Cover & IR Camera/Grey/1.6Kg), 83K100TDIN","84,200",4.6 out of 5 stars,https://m.media-amazon.com/images/I/71K-77wHn2L._AC_UY218_.jpg,Ad
"Dell G Series, 13th Gen Intel Core i5-13450HX, NVIDIA RTX 3050-6GB, 16GB DDR5, 512GB SSD, FHD, 15.6""/39.62cm, Windows 11, Microsoft Office Home 2024, 2.65KG, G15-5530, Backlit Keyboard, Gaming Laptop","78,990",4.0 out of 5 stars,https://m.media-amazon.com/images/I/71FJAKQJ0JL._AC_UY218_.jpg,Ad
"HP Omen, Intel Core i7-14650HX 14th Gen, 8GB RTX 5050, 24GB DDR5(Upgradeable) 1TB SSD, 165Hz, 2k WUXGA, 3ms, 400 nits, 16''/40.6cm, Win11, M365* Office24, Black, 2.43kg, am0241TX, RGB Gaming Laptop","1,40,990",4.3 out of 5 stars,https://m.media-amazon.com/images/I/710as3-Py1L._AC_UY218_.jpg,Ad
"HP 255R G10 Notebook (AMD Athlon Silver 7120U /8GB/512GB/DOS) 15.6-inch(39.6cm), Anti-Glare, HD Laptop, Radeon Graphics, Silver,1.52kg","39,999",N/A,https://m.media-amazon.com/images/I/71rDlgf2Q6L._AC_UY218_.jpg,Organic
𝗛𝗣𝗣𝗿𝗼𝗯𝗼𝗼𝗸Model 430 G3 Business Laptop | InteI i5 6th Gen | 8GB RAM | 256GB SSD | WiFi | Webcam | Win10 Pro (Refab),"20,495",N/A,https://m.media-amazon.com/images/I/61eW+bmIh+L._AC_UY218_.jpg,Organic
"ASUS Vivobook 14 (2026),Intel Core Ultra 5 225H, Intel iGPU,16GB RAM,1TB SSD,FHD+, 14""(35.5 cm),Windows 11,M365 Basic(1 Year)* Office 2024, Platinum Gold, 1.46 Kg, X1407CA-LY1581WS,Thin & Light Laptop","68,990",4.0 out of 5 stars,https://m.media-amazon.com/images/I/418dOHs7XKL._AC_UY218_.jpg,Organic
"acer TravelLite Thin Laptop AMD Ryzen 5 7430U (6-Core) |8GB RAM, 512GB SSD | 14"" Full HD Anti-Glare Display |Privacy Shutter| Windows 11| MS Office | Metal Body | 1.34Kg | Black | 1 Year Warranty","42,999",4.2 out of 5 stars,https://m.media-amazon.com/images/I/51xuTIRBMCL._AC_UY218_.jpg,Organic
"𝗗𝗲𝗹𝗹Laptop Model 5420 | 𝗜𝗡𝗧𝗘𝗟i5 11th Gen |8GB DDR4 RAM |256GB SSD |14"" Full HD Display |Win 10 | A+ Condition Laptop (Refab) 𝐍𝐨𝐂𝐨𝐬𝐭𝐄𝐌𝐈","30,499",N/A,https://m.media-amazon.com/images/I/51LHNjAjH9L._AC_UY218_.jpg,Organic
𝗛𝗣𝗣𝗿𝗼𝗯𝗼𝗼𝗸Model 430 G3 Business Laptop | InteI i5 6th Gen | 8GB RAM | 256GB SSD | WiFi | Webcam | Win10 Pro (Refab),"20,299",N/A,https://m.media-amazon.com/images/I/61eW+bmIh+L._AC_UY218_.jpg,Organic
"MSI Thin 15, Intel 13th Gen. i5-13420H, 40CM FHD 144Hz Gaming Laptop (16GB/512GB NVMe SSD/Windows 11 Home/NVIDIA GeForce RTX 3050, GDDR6 6GB/Cosmos Gray/1.8Kg) B13UDX-129IN","66,990",4.2 out of 5 stars,https://m.media-amazon.com/images/I/51w9ar5n+UL._AC_UY218_.jpg,Organic
"ASUS Gaming V16 (2025) 14th Gen,Intel Core 7 240H Gaming Laptop (RTX 4050-6GB/16GB RAM/512GB SSD/Windows 11 Home/16/144Hz/M365*/Office Home 2024, Matte Black,1.95 Kg),V3607VU-RP275WS","92,990",4.4 out of 5 stars,https://m.media-amazon.com/images/I/71YeigfZCuL._AC_UY218_.jpg,Organic
"HP Smartchoice Victus, 13th Gen Intel Core i7-13620H, 8GB RTX 5050, 24GB DDR5(Upgradeable) 1TB SSD, 144Hz, FHD, 15.6''/39.6cm, Win11, M365* Office24, Mica Silver, 2.29kg, fa2309TX, RGB Gaming Laptop","1,19,990",4.0 out of 5 stars,https://m.media-amazon.com/images/I/71HKFtogydL._AC_UY218_.jpg,Ad
"Dell 15, 13th Gen Intel Core i5-1334U (16GB DDR4, 512GB SSD) Anti-Glare FHD 15.6""/39.62cm, Windows 11, Microsoft Office Home 2024, Grey, 1.66kg, [Vostro 3530], 12 Month McAfee, Thin & Light Laptop","66,990",3.8 out of 5 stars,https://m.media-amazon.com/images/I/712WiT-wexL._AC_UY218_.jpg,Ad
"ASUS Vivobook 14, (i5 14th Gen) Intel Core 5 120U, Thin & Light Laptop(16GB RAM/512GB SSD/FHD/14/60Hz/Fingerprint Reader/M365 Basic (1Year)*/Office Home 2024/Quiet Blue/1.4 Kg) X1404VAP-EB1542WS","61,990",4.0 out of 5 stars,https://m.media-amazon.com/images/I/61O2P+m2gIL._AC_UY218_.jpg,Organic
"Lenovo IdeaPad Slim 3, 13th Gen Intel Core i5 13420H, 24GB RAM, 1TB SSD, WUXGA IPS, 15.3""/38.8cm, Windows 11, Office Home 2024, Grey, 1.6Kg, Backlit Keyboard, 1Yr ADP Free, 83K100PLIN, Laptop","77,740",4.1 out of 5 stars,https://m.media-amazon.com/images/I/71D9HSayVSL._AC_UY218_.jpg,Organic
"HP OmniBook 5 OLED (Previously Pavilion), Snapdragon X Processor (16GB LPDDR5x, 1TB SSD) 2K, 14''/35.6cm, Win11, M365 Basic(1yr)* Office24, Silver, 1.35kg, he0015QU, Light-Weight, Next-Gen AI Laptop","82,990",4.2 out of 5 stars,https://m.media-amazon.com/images/I/71fHNU8KnQL._AC_UY218_.jpg,Organic
"HP Smartchoice Victus, 13th Gen i7-13620H, 6GB RTX 4050, 16GB DDR4(Upgradeable) 512GB SSD, 144Hz, 300nits, FHD, 15.6''/39.6cm, Win11, M365* Office24, Mica Silver, 2.3kg, fa2100/03/04tx, Gaming Laptop","1,03,990",4.2 out of 5 stars,https://m.media-amazon.com/images/I/71LuS4x7L8L._AC_UY218_.jpg,Organic
"HP 15, AMD Ryzen 7 5825U, 16GB DDR4, 512GB SSD, 15.6-inch(39.6cm) Anti-Glare, FHD, Radeon Graphics, Backlit KB, 1080p HD cam (Win11, M365 Basic(1yr)*,Office Home24, Silver, 1.69kg) fc0533AU","57,990",4.0 out of 5 stars,https://m.media-amazon.com/images/I/713PRh1j6jL._AC_UY218_.jpg,Organic
"HP 15s, AMD Ryzen 3 5300U Laptop(8GB DDR4, 512GB SSD), 15.6""/39.6cm,FHD, Windows 11, MS Office 2019, Silver, 1.69kg, AMD Radeon Graphics, Dual Speakers, eq2143AU/eq2212au","48,990",4.1 out of 5 stars,https://m.media-amazon.com/images/I/71S2YjUCOGL._AC_UY218_.jpg,Organic
"HP Victus, Intel Core i5-14450HX 14th Gen, 6GB RTX 4050, 24GB DDR5(Upgradeable) 512GB SSD, FHD, 144Hz, 300 nits, 15.6''/39.6cm, Win11, M365* Office24, Mica Silver, 2.29kg, fa2382tx, RGB Gaming Laptop","1,12,990",4.5 out of 5 stars,https://m.media-amazon.com/images/I/71ISEW+yZeL._AC_UY218_.jpg,Organic
"HP 15, Intel Core 5-120U (8GB DDR4, 512GB SSD) FHD, Anti-Glare, Micro-Edge, 15.6''/39.6cm, Win11, M365 Basic(1yr), Office Home24, Silver,1.59kg, fd0651TU, FHD Camera w/Privacy Shutter, Backlit Laptop","56,990",5.0 out of 5 stars,https://m.media-amazon.com/images/I/71Pvu4wjdtL._AC_UY218_.jpg,Organic
"Dell 15 Laptop, 14th Gen Intel Core 3 100U Processor, 16GB DDR4, 512 SSD, Intel UHD Graphics, 15.6"" NT FHD 120Hz IPS AG 250 nit Display, Win 11 + Office H&S 2024, Carbon Black, Thin & Light- 1.63Kg","59,990",N/A,https://m.media-amazon.com/images/I/71ZBa5+qu4L._AC_UY218_.jpg,Ad
"HP 15, Intel Core Ultra 5 125H (16GB DDR5, 1TB SSD) FHD, IPS, 15.6''/39.6cm, Win11, M365 Basic(1yr)*Office24, Silver, 1.65kg, fd1354TU, Intel Arc Graphics, FHD Camera w/Shutter, AI Powered Laptop","79,990",3.7 out of 5 stars,https://m.media-amazon.com/images/I/71dyfY6G0aL._AC_UY218_.jpg,Ad
"Dell 15, 13th Gen Intel Core i5-1334U (16GB DDR4, 512GB SSD) Anti-Glare FHD 15.6""/39.62cm, Windows 11, Microsoft Office Home 2024, Grey, 1.66kg, [Vostro 3530], 12 Month McAfee, Thin & Light Laptop","66,990",3.8 out of 5 stars,https://m.media-amazon.com/images/I/712WiT-wexL._AC_UY218_.jpg,Ad
"HP 15, Intel Core Ultra 5 125H (16GB DDR5, 1TB SSD) FHD, IPS, 15.6''/39.6cm, Win11, M365 Basic(1yr)*Office24, Silver, 1.65kg, fd1354TU, Intel Arc Graphics, FHD Camera w/Shutter, AI Powered Laptop","79,990",3.7 out of 5 stars,https://m.media-amazon.com/images/I/71dyfY6G0aL._AC_UY218_.jpg,Ad
"HP 15 Laptop, AMD Ryzen 5 7520U (16GB DDR5,512GB SSD) Win11,M365 Basic(1yr)*Office Home24, Anti-Glare,15.6''/39.6cm,FHD,Backlit KB,FHD Camera w/Privacy Shutter,Radeon Graphics, Silver,1.59kg FC0690AU","55,690",4.2 out of 5 stars,https://m.media-amazon.com/images/I/71-8y5gh4bL._AC_UY218_.jpg,Organic
"HP HyperX OMEN 15, AMD Ryzen 7 260, 8GB-RTX 5050, 24GB DDR5 (Upgradeable), 1TB SSD, 180Hz, 2.5K, 500 nits, 3ms resp time, 15.3''/38.9cm, Win11, Office24, Black, 2.42kg, gb0038AX, RGB, AI Gaming Laptop","1,49,990",5.0 out of 5 stars,https://m.media-amazon.com/images/I/71uj3RNcdrL._AC_UY218_.jpg,Organic
"ASUS Gaming V16, Intel Core 7 240H Gaming Laptop(RTX 5060-8GB/16GB RAM/512GB SSD/FHD+/16""/144Hz/Backlit Keyboard/Windows 11/M365 Basic (1Year)*/Office Home 2024/Matte Black/1.95 Kg) V3607VM-RP057WS","1,09,990",3.5 out of 5 stars,https://m.media-amazon.com/images/I/71Du1Y52b9L._AC_UY218_.jpg,Organic
"HP Omen, Intel Core i7-14650HX 14th Gen, 8GB RTX 5050, 24GB DDR5(Upgradeable) 1TB SSD, 165Hz, 2k WUXGA, 3ms, 400 nits, 16''/40.6cm, Win11, M365* Office24, Black, 2.43kg, am0241TX, RGB Gaming Laptop","1,40,990",4.3 out of 5 stars,https://m.media-amazon.com/images/I/710as3-Py1L._AC_UY218_.jpg,Organic
"ASUS ROG Strix SCAR 18,Intel Core Ultra 9 275HX Gaming Laptop(NVIDIA RTX 5090-24GB/175W TGP/64GB/2TB/2.5K QHD+/18""/240Hz/Windows 11/M365 Basic(1Year)*/Office Home 2024/Off Black/3.30 Kg)G835LX-SA187WS","4,99,990",4.1 out of 5 stars,https://m.media-amazon.com/images/I/71kUn311DqL._AC_UY218_.jpg,Organic
"Lenovo IdeaPad Slim 5 AMD Ryzen AI 7 350 (24GB RAM/1TB SSD/14 (35.5cm)/WUXGA OLED/Lenovo AI Now/Copilot+ PC/Windows 11/MSO 365 Basic+Office 2024/1Yr ADP Free/Grey/1.4Kg), 83HX009DIN AI Laptop","92,990",5.0 out of 5 stars,https://m.media-amazon.com/images/I/7171vpsyluL._AC_UY218_.jpg,Organic
"ASUS Vivobook 14, (i5 14th Gen) Intel Core 5 120U, Thin & Light Laptop(16GB RAM/512GB SSD/FHD/14/60Hz/Fingerprint Reader/M365 Basic (1Year)*/Office Home 2024/Quiet Blue/1.4 Kg) X1404VAP-EB1542WS","61,990",4.0 out of 5 stars,https://m.media-amazon.com/images/I/61O2P+m2gIL._AC_UY218_.jpg,Organic
"HP 15, Intel Core 5-120U (8GB DDR4, 512GB SSD) FHD, Anti-Glare, Micro-Edge, 15.6''/39.6cm, Win11, M365 Basic(1yr), Office Home24, Silver,1.59kg, fd0651TU, FHD Camera w/Privacy Shutter, Backlit Laptop","56,990",5.0 out of 5 stars,https://m.media-amazon.com/images/I/71Pvu4wjdtL._AC_UY218_.jpg,Organic
"Dell G Series, 13th Gen Intel Core i5-13450HX, NVIDIA RTX 3050-6GB, 16GB DDR5, 512GB SSD, FHD, 15.6""/39.62cm, Windows 11, Microsoft Office Home 2024, 2.65KG, G15-5530, Backlit Keyboard, Gaming Laptop","78,990",4.0 out of 5 stars,https://m.media-amazon.com/images/I/71FJAKQJ0JL._AC_UY218_.jpg,Ad
"Dell 15 Laptop, 14th Gen Intel Core 3 100U Processor, 16GB DDR4, 512 SSD, Intel UHD Graphics, 15.6"" NT FHD 120Hz IPS AG 250 nit Display, Win 11 + Office H&S 2024, Carbon Black, Thin & Light- 1.63Kg","59,990",N/A,https://m.media-amazon.com/images/I/71ZBa5+qu4L._AC_UY218_.jpg,Ad
"acer Nitro V 15, Intel core i7-13th Gen 13620H,NVIDIA GeForce RTX - 5050 8GB, 16 GB,512 GB,Full HD IPS,15.6""/39.62 cm,165 Hz, Win 11 Home, Obsidian Black, 2.113 kg, ANV15-52, Amber KB,Gaming Laptop","93,990",3.1 out of 5 stars,https://m.media-amazon.com/images/I/51WgXPBL4nL._AC_UY218_.jpg,Organic
"ASUS Vivobook S14,Smartchoice,AMD Ryzen AI 7 350,16GB RAM,1TB SSD,OLED,14"",Windows 11, Office24,M365 Basic (1Yr)*, Matte Gray,1.4Kg, M3407KA-SF049WS,50 Tops,Metallic Design,Next-Gen AI Laptop,Copilot+","81,990",3.9 out of 5 stars,https://m.media-amazon.com/images/I/71G3hXXBEWL._AC_UY218_.jpg,Organic
"HP 14, Laptop","90,000",3.6 out of 5 stars,https://m.media-amazon.com/images/I/71+5idlIHgL._AC_UY218_.jpg,Organic
"Lenovo LOQ 13th Gen Intel Core i7-13650HX 15.6"" (39.6cm) 144Hz 300Nits FHD Gaming Laptop (16GB/512GB SSD/Win 11/NVIDIA RTX 4050 6GB/1Yr ADP Free/MSO 24/Grey/2.3Kg), 83DV01A5IN","1,14,744",5.0 out of 5 stars,https://m.media-amazon.com/images/I/71Chav1l8DL._AC_UY218_.jpg,Organic
"acer Professional 14, AMD Ryzen 3-7330U, 8 GB RAM, 512 GB SSD, Full HD 14"", Windows 11 Pro, MSO21, Pro Silver, 1.39 KG, Professional Premium Laptop, Travel Lite","41,990",3.9 out of 5 stars,https://m.media-amazon.com/images/I/51xKQHXurwL._AC_UY218_.jpg,Organic
"ASUS TUF A15, AMD Ryzen 7 7445HS, Gaming Laptop(RTX 3050-4GB/75W TGP/16GB RAM/512GB SSD/FHD/15.6""/144Hz/Backlit Keyboard/48Whrs/Win11/MS Office24/Graphite Black/2.3 Kg) FA506NCG-HN200WS","69,990",4.1 out of 5 stars,https://m.media-amazon.com/images/I/71NNmJ0SE8L._AC_UY218_.jpg,Organic
"acer TravelLite Thin Laptop AMD Ryzen 5 7430U (6-Core) |8GB RAM, 512GB SSD | 14"" Full HD Anti-Glare Display |Privacy Shutter| Windows 11| MS Office | Metal Body | 1.34Kg | Black | 1 Year Warranty","42,999",4.2 out of 5 stars,https://m.media-amazon.com/images/I/51xuTIRBMCL._AC_UY218_.jpg,Organic
"MSI Raider 18, Intel Series 2 Core Ultra 9 285HX, 46cm UHD+ 120Hz Gaming Laptop (64GB/4TB NVMe SSD/Windows 11 Home/NVIDIA GeForce RTX 5090, GDDR7 24GB/Core Black/3.6Kg) A2XWJG-253IN","4,99,990",3.0 out of 5 stars,https://m.media-amazon.com/images/I/71oTMGyCbhL._AC_UY218_.jpg,Organic
"ASUS Vivobook 15, Smartchoice,Intel Core i5 13th Gen 13420H,16GB RAM, 512GB SSD, FHD 15.6"",Windows 11, Office Home 2024, Quiet Blue, 1.70 kg, X1502VA-BQ836WS,Intel UHD iGPU, M365 Basic (1Year)* Laptop","61,990",4.2 out of 5 stars,https://m.media-amazon.com/images/I/818iNyzckGL._AC_UY218_.jpg,Ad
"acer Aspire Lite 12th Gen Intel Core i5-12450H, Office 2024 + M365 Basic, 16GB RAM/512GB SSD, 39.62cm(15.6"") FHD IPS Display Win11H, Pure Silver, 1.7KG,AL15-52H, Backlit KB, Thin & Light Laptop","57,990",4.0 out of 5 stars,https://m.media-amazon.com/images/I/81qzE9lsXkL._AC_UY218_.jpg,Ad
